Mouse_ID,Cohort,Sex,Diet,Treatment,Legend,corticosterone,ALT_serum,AST_serum,protein_serum,glucose_serum,cholesterol_serum,HDL_serum,LDL_serum,LDL_HDL_ratio_serum,triglycerides_serum,ALT_liver,AST_liver,protein_liver,glucose_liver,cholesterol_liver,triglycerides_liver,gonWAT,MesWAT,BAT,Liver,Caecum,SmallIntestine,Colon,BW,gonWAT_BW,MesWAT_BW,BAT_BW,Liver_BW,Caecum_BW,SmallIntestine_BW,Colon_BW
104,1,F,Control,Vehicle,Control Vehicle,195.9305,16,115.2,4.06,91.88,75.94,1.72,0.26,0.151,35.36,30000,30000,269,39746,1082,20129,0.0553,0.0449,0.0464,1.1905,0.2567,37,7,22.8,0.002425439,0.001969298,0.002035088,0.052214912,0.011258772,,0.307017544
105,1,F,Control,Vehicle,Control Vehicle,140.5979,38,157.6,3.64,85.44,70.22,0.99,0.12,0.121,31.29,27730,30000,256,45849,1029,20278,0.162,0.2798,0.0633,1.2917,0.2578,35,7,24.9,0.006506024,,0.002542169,0.051875502,0.010353414,1.40562249,0.281124498
113,4,F,Control,Vehicle,Control Vehicle,108.3413,16.8,118,3.42,77.48,61.28,1.22,0.18,0.148,34.38,26322,30000,252,34879,2319,27394,0.1283,0.0994,0.0431,1.2913,0.1667,37,7,27.1,0.004734317,0.003667897,0.001590406,0.047649446,0.006151292,1.365313653,0.258302583
117,2,F,Control,Vehicle,Control Vehicle,64.56875,48.3,,3.66,70.38,124.32,1.98,0.52,0.263,57.12,26048,30000,251,33139,2070,22691,0.0758,0.054,0.0431,1.3734,0.2132,35,6.2,24.4,0.003106557,0.002213115,0.001766393,0.056286885,0.008737705,1.43442623,0.254098361
122,2,F,Control,Vehicle,Control Vehicle,79.42985,25.2,108,3.62,67.3,81.42,1.84,0.28,0.152,25.6,27390,30000,241,36894,1730,25111,0.2838,0.098,0.0525,1.2179,0.1938,36,7.5,24.7,0.011489879,0.003967611,0.002125506,0.049307692,0.007846154,1.457489879,0.303643725
129,4,F,Control,Vehicle,Control Vehicle,54.85305,40,144,,,48.7,0.96,0.04,0.042,17.67,25132,30000,241,30495,,25183,0.1833,0.1402,0.0464,1.5084,0.2322,39,7,28,0.006546429,0.005007143,0.001657143,0.053871429,0.008292857,1.392857143,0.25
131,6,F,Control,Vehicle,Control Vehicle,110.8793,26.7,93.2,3.14,77.12,88.12,1.9,0.36,0.189,34.18,23340,30000,239,33790,1320,19821,0.2968,0.2049,0.0539,1.2596,0.3463,39,6.8,30,0.009893333,0.00683,0.001796667,0.041986667,0.011543333,1.3,0.226666667
107,1,F,HFHS,Vehicle,HFHS Vehicle,95.04815,37.8,107.7,3.62,75.94,85.92,1.6,0.51,0.319,54.96,20456,30000,211,26911,3876,40376,0.7264,0.2966,0.0466,1.2909,,34,7,27.5,0.026414545,0.010785455,0.001694545,0.046941818,0.004836364,1.236363636,0.254545455
110,1,F,HFHS,Vehicle,HFHS Vehicle,32.08915,28.8,,3.5,110.68,83.3,1.72,0.36,0.209,54.3,21724,30000,201,35371,503,15558,0.2968,0.2398,0.0475,1.2978,0.317,39,6.5,23.4,0.012683761,0.010247863,0.002029915,0.055461538,0.013547009,1.666666667,0.277777778
121,2,F,HFHS,Vehicle,HFHS Vehicle,14.57295,21.9,75.2,3.62,88.74,83.4,1.86,0.28,0.151,35.4,24036,30000,226,31486,2286,30403,0.714,0.3779,0.0598,1.3553,0.2611,40,7.5,30,0.0238,0.012596667,0.001993333,0.045176667,0.008703333,1.333333333,0.25
123,2,F,HFHS,Vehicle,HFHS Vehicle,62.2069,25.2,100.4,3.4,77.62,91.54,1.94,0.28,0.144,26.24,30000,30000,247,33323,1374,19010,0.2528,0.0844,0.039,1.3223,0.2592,37,7.5,25.9,0.009760618,0.003258687,0.001505792,0.051054054,0.010007722,1.428571429,0.28957529
125,3,F,HFHS,Vehicle,HFHS Vehicle,13.70485,39.3,68.4,2.78,35.16,70.96,,0.34,0.288,56.98,28452,30000,252,27147,1963,19401,0.6498,0.2469,0.052,1.1411,0.2456,41,7.2,27.1,0.02397786,0.009110701,0.001918819,0.042107011,0.009062731,1.512915129,0.265682657
126,4,F,HFHS,Vehicle,HFHS Vehicle,67.79565,23.8,66.6,,27.72,85.48,1.64,0.12,0.073,47.8,27686,30000,218,33186,1219,20774,0.4163,0.2062,0.0545,1.149,0.2732,38,7.2,28.2,0.014762411,0.007312057,0.001932624,0.040744681,0.009687943,1.34751773,0.255319149
133,6,F,HFHS,Vehicle,HFHS Vehicle,100.3626,25.2,107.6,3.54,109.98,80.6,1.72,0.3,0.174,45.6,23620,30000,236,27478,1731,25699,0.174,0.1132,0.0346,1.2281,0.2302,40,7.5,27.7,0.006281588,0.004086643,0.001249097,0.04433574,0.008310469,1.444043321,0.270758123
106,1,F,HFHS,FOS+GOS,HFHS FOS+GOS,96.20535,22.5,149.4,2,83.19,89.82,1.26,0.12,0.095,35.64,30000,30000,258,39629,1102,23778,0.2041,0.2134,0.0333,1.2976,0.5266,42,8,26.9,0.007587361,0.007933086,0.001237918,0.048237918,0.019576208,1.56133829,0.29739777
114,3,F,HFHS,FOS+GOS,HFHS FOS+GOS,42.11425,12.6,58.8,3.14,44.56,72.92,1.42,0.24,0.169,46.74,28062,30000,245,36618,1298,17464,0.203,0.1545,0.042,1.357,0.627,52,8.1,27.9,0.007275986,0.005537634,0.001505376,0.048637993,0.022473118,1.863799283,0.290322581
118,6,F,HFHS,FOS+GOS,HFHS FOS+GOS,57.8958,18.3,96.8,3.36,87.75,88.5,1.62,0.21,0.13,45.24,19394,30000,191,33433,413,30751,,0.2991,0.0426,1.7802,0.619,43,9,32.6,0.020312883,0.009174847,0.001306748,0.054607362,0.01898773,1.319018405,0.27607362
119,2,F,HFHS,FOS+GOS,HFHS FOS+GOS,166.4898,18,110.8,4.72,114.66,101.44,2.18,0.21,0.096,39.92,25178,30000,219,33868,1639,19941,0.1968,0.0713,0.0503,1.3591,0.5846,43,8.8,25.3,0.007778656,0.002818182,0.001988142,0.053719368,0.023106719,1.699604743,0.347826087
124,2,F,HFHS,FOS+GOS,HFHS FOS+GOS,187.1334,19.6,174,3.84,102.74,87.1,1.7,0.38,0.224,33.08,30000,30000,240,39756,815,16510,0.3085,0.2475,0.0491,1.2702,0.4575,39,8,25.7,0.012003891,0.00963035,0.001910506,0.049424125,0.017801556,1.517509728,0.311284047
128,2,F,HFHS,FOS+GOS,HFHS FOS+GOS,47.6881,18.6,194.8,3.44,69.84,89.34,1.74,0.3,0.172,35.48,29654,30000,237,38661,2661,19801,0.3701,0.1467,0.0564,1.3156,0.4676,41,7.8,26.5,0.013966038,0.005535849,0.002128302,0.049645283,0.017645283,1.547169811,0.294339623
136,6,F,HFHS,FOS+GOS,HFHS FOS+GOS,110.2578,21.3,171.6,4.06,143.58,90.46,1.84,0.15,0.082,37.29,24752,30000,244,46403,108,13762,0.2042,0.1067,0.0395,1.966,0.4606,48,8.3,34.4,0.005936047,0.003101744,0.001148256,0.057151163,0.013389535,1.395348837,0.24127907
111,1,F,HFHS,1472,HFHS 1472,175.3545,18,123.6,3.98,99.82,99.6,2.06,0.34,0.165,48.3,24868,30000,216,36814,1656,28387,0.282,0.1474,0.0593,1.2625,0.2336,39,8,23.4,0.012051282,0.006299145,0.002534188,0.053952991,0.009982906,1.666666667,0.341880342
115,1,F,HFHS,1472,HFHS 1472,82.33715,,170.7,3.84,85.96,114.76,2.42,0.36,0.149,51.24,30000,30000,276,39639,1700,22291,0.3548,0.2714,0.0596,1.3428,0.2169,37,7.5,26.9,0.013189591,0.010089219,0.002215613,0.049918216,0.008063197,1.375464684,0.278810409
116,4,F,HFHS,1472,HFHS 1472,78.38155,27,92,3.46,81.75,97.72,1.56,0.39,0.25,40.02,27466,30000,254,34927,1999,34793,0.373,0.163,0.0359,1.1121,0.2166,38,,25.1,0.014860558,0.006494024,0.001430279,0.044306773,0.008629482,1.513944223,0.247011952
120,2,F,HFHS,1472,HFHS 1472,29.8313,36,165.2,3.78,92,87.12,1.59,0.4,0.252,44.79,,23316,,,778,8699,,,0.0685,1.215,0.1807,37,7.5,31.6,,,0.002167722,0.038449367,0.005718354,1.170886076,0.237341772
127,2,F,HFHS,1472,HFHS 1472,88.3714,24.3,92.8,3.34,93.64,84.14,1.6,0.28,0.175,41.84,25152,30000,218,35843,1519,23011,0.2628,0.1164,0.047,1.2779,0.2488,37,7.5,25.4,0.010346457,0.004582677,0.001850394,0.050311024,0.009795276,1.456692913,0.295275591
130,5,F,HFHS,1472,HFHS 1472,52.6381,16.5,102,3.28,,88.74,1.68,0.24,0.143,51.38,27892,30000,239,40462,1586,16701,0.281,0.1461,0.0482,1.296,0.2913,42,7.5,26,0.010807692,0.005619231,0.001853846,0.049846154,0.011203846,1.615384615,0.288461538
135,6,F,HFHS,1472,HFHS 1472,161.0387,19.2,131.6,3.68,98.28,107.36,2.08,0.38,0.183,47.3,29888,30000,232,42387,889,11560,0.2729,0.2027,0.0478,1.4671,0.2451,43,7.3,29.2,0.00934589,0.006941781,0.001636986,0.050243151,0.008393836,1.47260274,0.25
